{
  "project_info": {
    "project_number": "972173143527",
    "firebase_url": "https://hungers--den-default-rtdb.firebaseio.com",
    "project_id": "hungers--den",
    "storage_bucket": "hungers--den.appspot.com"
  },
  "client": [
    {
      "client_info": {
        "mobilesdk_app_id": "1:972173143527:android:82b4b30b857e21e4ca2142",
        "android_client_info": {
          "package_name": "com.firstapp.adminhungersden"
        }
      },
      "oauth_client": [
        {
          "client_id": "972173143527-ipedljrof4omociu7cr265gs5gapsl3i.apps.googleusercontent.com",
          "client_type": 1,
          "android_info": {
            "package_name": "com.firstapp.adminhungersden",
            "certificate_hash": "344b2f54c2de44f7959f12cf98005862c5552e61"
          }
        },
        {
          "client_id": "972173143527-bs9cq69ieftg8tn1fd9fnme4ipu1ucjr.apps.googleusercontent.com",
          "client_type": 3
        }
      ],
      "api_key": [
        {
          "current_key": "AIzaSyARRpsv5677940dS4nRYPR2-c4um0hss6E"
        }
      ],
      "services": {
        "appinvite_service": {
          "other_platform_oauth_client": [
            {
              "client_id": "972173143527-bs9cq69ieftg8tn1fd9fnme4ipu1ucjr.apps.googleusercontent.com",
              "client_type": 3
            }
          ]
        }
      }
    },
    {
      "client_info": {
        "mobilesdk_app_id": "1:972173143527:android:bd394ea15bb5a67dca2142",
        "android_client_info": {
          "package_name": "com.firstapp.hungersden"
        }
      },
      "oauth_client": [
        {
          "client_id": "972173143527-bs9cq69ieftg8tn1fd9fnme4ipu1ucjr.apps.googleusercontent.com",
          "client_type": 3
        }
      ],
      "api_key": [
        {
          "current_key": "AIzaSyARRpsv5677940dS4nRYPR2-c4um0hss6E"
        }
      ],
      "services": {
        "appinvite_service": {
          "other_platform_oauth_client": [
            {
              "client_id": "972173143527-bs9cq69ieftg8tn1fd9fnme4ipu1ucjr.apps.googleusercontent.com",
              "client_type": 3
            }
          ]
        }
      }
    }
  ],
  "configuration_version": "1"
}